 	dataflow_B_K 	dataflow_C_K 	dataflow_C_K_replication 	eyeriss_alex_conv2 	eyeriss_alex_conv2_1D 	eyeriss_alex_conv2_4_level 	eyeriss_alex_conv3 	eyeriss_alex_conv3_4_level 	eyeriss_alex_conv4 	eyeriss_alex_conv4_4_level 	eyeriss_alex_conv5 	eyeriss_alex_conv5_4_level 	fc 	fc_4_level 	tpu 	tpu_1D 	tpu_32_32 	tpu_32_32_alex_conv1 	tpu_4_level 	tpu_64_64 	tpu_64_64_alex_conv1 	tpu_64_64_alex_conv2 	tpu_conv1_4_level 	tpu_mac_explore 	tpu_partial 	tpu_tpu 	tpu_tpu_alex_conv1 	tpu_tpu_alex_conv2 	tpu_tpu_alex_conv4 	tpu_tpu_mlp_fc1 	tpu_tpu_mlp_fc2 	tpu_tpu_os 	tpu_tpu_small 	tpu_tpu_vgg_conv1 	tpu_tpu_vgg_conv2	
3_level_mem_16MAC	exception {total parallelism in schedule hint exceeds the maximum parallelism}	exception {total parallelism in schedule hint exceeds the maximum parallelism}	timeout {10}	exception {total parallelism in schedule hint exceeds the maximum parallelism}	exception {list index out of range}	timeout {10}	exception {total parallelism in schedule hint exceeds the maximum parallelism}	exception {'NoneType' object is not subscriptable}	timeout {10}	exception {'NoneType' object is not subscriptable}	exception {total parallelism in schedule hint exceeds the maximum parallelism}	timeout {10}	timeout {10}	timeout {10}	timeout {10}	timeout {10}	exception {total parallelism in schedule hint exceeds the maximum parallelism}	timeout {10}	timeout {10}	timeout {10}	timeout {10}	exception {No valid mapping point found}	exception {'NoneType' object is not subscriptable}	timeout {10}	timeout {10}	timeout {10}	timeout {10}	timeout {10}	timeout {10}	timeout {10}	timeout {10}	timeout {10}	timeout {10}	timeout {10}	timeout {10}	
3_level_mem_1D_64Reg	timeout {10}	timeout {10}	timeout {10}	ok {10}	exception {'NoneType' object is not iterable}	exception {'NoneType' object is not subscriptable}	timeout {10}	exception {'NoneType' object is not subscriptable}	timeout {10}	exception {'NoneType' object is not subscriptable}	timeout {10}	exception {'NoneType' object is not subscriptable}	timeout {10}	exception {'NoneType' object is not subscriptable}	timeout {10}	timeout {10}	exception {total parallelism in schedule hint exceeds the maximum parallelism}	timeout {10}	timeout {10}	exception {No valid mapping point found}	timeout {10}	timeout {10}	exception {'NoneType' object is not subscriptable}	timeout {10}	exception {do not support unrolling more than 2 loops in the schedule hint}	timeout {10}	exception {No valid mapping point found}	timeout {10}	timeout {10}	exception {No valid mapping point found}	timeout {10}	exception {No valid mapping point found}	exception {No valid mapping point found}	timeout {10}	exception {No valid mapping point found}	
3_level_mem_1D_asic	ok {10}	timeout {10}	exception {do not support unrolling more than 2 loops in the schedule hint}	timeout {10}	timeout {10}	exception {'NoneType' object is not subscriptable}	timeout {10}	exception {'NoneType' object is not subscriptable}	timeout {10}	exception {'NoneType' object is not subscriptable}	timeout {10}	timeout {10}	timeout {10}	exception {'NoneType' object is not subscriptable}	timeout {10}	timeout {10}	exception {total parallelism in schedule hint exceeds the maximum parallelism}	timeout {10}	exception {'NoneType' object is not subscriptable}	exception {No valid mapping point found}	timeout {10}	exception {No valid mapping point found}	timeout {10}	timeout {10}	exception {do not support unrolling more than 2 loops in the schedule hint}	timeout {10}	timeout {10}	exception {No valid mapping point found}	timeout {10}	timeout {10}	timeout {10}	timeout {10}	timeout {10}	timeout {10}	timeout {10}	
3_level_mem_64Reg	timeout {10}	timeout {10}	timeout {10}	ok {10}	exception {'NoneType' object is not iterable}	exception {'NoneType' object is not subscriptable}	timeout {10}	exception {'NoneType' object is not subscriptable}	timeout {10}	exception {'NoneType' object is not subscriptable}	timeout {10}	exception {'NoneType' object is not subscriptable}	timeout {10}	exception {'NoneType' object is not subscriptable}	timeout {10}	exception {list index out of range}	exception {total parallelism in schedule hint exceeds the maximum parallelism}	timeout {10}	exception {'NoneType' object is not subscriptable}	exception {No valid mapping point found}	timeout {10}	exception {No valid mapping point found}	exception {'NoneType' object is not subscriptable}	timeout {10}	timeout {10}	exception {No valid mapping point found}	exception {No valid mapping point found}	exception {No valid mapping point found}	exception {No valid mapping point found}	exception {No valid mapping point found}	exception {No valid mapping point found}	exception {No valid mapping point found}	exception {No valid mapping point found}	timeout {10}	exception {No valid mapping point found}	
3_level_mem_64Reg_asic	ok {10}	timeout {10}	timeout {10}	ok {10}	exception {'NoneType' object is not iterable}	exception {'NoneType' object is not subscriptable}	timeout {10}	exception {'NoneType' object is not subscriptable}	timeout {10}	exception {'NoneType' object is not subscriptable}	timeout {10}	exception {'NoneType' object is not subscriptable}	timeout {10}	exception {'NoneType' object is not subscriptable}	timeout {10}	exception {list index out of range}	exception {total parallelism in schedule hint exceeds the maximum parallelism}	timeout {10}	exception {'NoneType' object is not subscriptable}	exception {No valid mapping point found}	timeout {10}	exception {No valid mapping point found}	exception {'NoneType' object is not subscriptable}	timeout {10}	timeout {10}	exception {No valid mapping point found}	exception {No valid mapping point found}	exception {No valid mapping point found}	exception {No valid mapping point found}	exception {No valid mapping point found}	exception {No valid mapping point found}	exception {No valid mapping point found}	exception {No valid mapping point found}	timeout {10}	exception {No valid mapping point found}	
3_level_mem_asic_64_64	exception {'NoneType' object is not iterable}	exception {'NoneType' object is not iterable}	timeout {10}	exception {do not support unrolling more than 2 loops in the schedule hint}	exception {'NoneType' object is not iterable}	exception {'NoneType' object is not subscriptable}	exception {do not support unrolling more than 2 loops in the schedule hint}	exception {'NoneType' object is not subscriptable}	exception {do not support unrolling more than 2 loops in the schedule hint}	exception {'NoneType' object is not subscriptable}	exception {do not support unrolling more than 2 loops in the schedule hint}	exception {'NoneType' object is not subscriptable}	exception {'NoneType' object is not iterable}	exception {'NoneType' object is not subscriptable}	exception {'NoneType' object is not iterable}	exception {'NoneType' object is not iterable}	exception {'NoneType' object is not iterable}	timeout {10}	exception {'NoneType' object is not subscriptable}	exception {No valid mapping point found}	exception {No valid mapping point found}	exception {No valid mapping point found}	exception {'NoneType' object is not subscriptable}	timeout {10}	timeout {10}	exception {No valid mapping point found}	exception {No valid mapping point found}	exception {No valid mapping point found}	exception {No valid mapping point found}	exception {No valid mapping point found}	exception {No valid mapping point found}	exception {No valid mapping point found}	exception {No valid mapping point found}	timeout {10}	exception {No valid mapping point found}	
3_level_mem_baseline	ok {10}	timeout {10}	timeout {10}	timeout {10}	exception {'NoneType' object is not iterable}	exception {'NoneType' object is not subscriptable}	timeout {10}	exception {'NoneType' object is not subscriptable}	timeout {10}	exception {'NoneType' object is not subscriptable}	timeout {10}	exception {'NoneType' object is not subscriptable}	timeout {10}	exception {'NoneType' object is not subscriptable}	timeout {10}	exception {list index out of range}	exception {total parallelism in schedule hint exceeds the maximum parallelism}	timeout {10}	exception {'NoneType' object is not subscriptable}	exception {No valid mapping point found}	ok {10}	exception {No valid mapping point found}	exception {'NoneType' object is not subscriptable}	timeout {10}	timeout {10}	exception {No valid mapping point found}	exception {No valid mapping point found}	exception {No valid mapping point found}	exception {No valid mapping point found}	exception {No valid mapping point found}	exception {No valid mapping point found}	exception {No valid mapping point found}	exception {No valid mapping point found}	timeout {10}	exception {No valid mapping point found}	
3_level_mem_baseline_asic	ok {10}	timeout {10}	timeout {10}	ok {10}	exception {'NoneType' object is not iterable}	exception {'NoneType' object is not subscriptable}	timeout {10}	exception {'NoneType' object is not subscriptable}	timeout {10}	exception {'NoneType' object is not subscriptable}	timeout {10}	exception {'NoneType' object is not subscriptable}	timeout {10}	exception {'NoneType' object is not subscriptable}	timeout {10}	exception {list index out of range}	exception {total parallelism in schedule hint exceeds the maximum parallelism}	timeout {10}	exception {'NoneType' object is not subscriptable}	exception {No valid mapping point found}	ok {10}	exception {No valid mapping point found}	exception {'NoneType' object is not subscriptable}	timeout {10}	timeout {10}	exception {No valid mapping point found}	exception {No valid mapping point found}	exception {No valid mapping point found}	exception {No valid mapping point found}	exception {No valid mapping point found}	exception {No valid mapping point found}	exception {No valid mapping point found}	exception {No valid mapping point found}	timeout {10}	exception {No valid mapping point found}	
3_level_mem_baseline_large_array	exception {'NoneType' object is not iterable}	exception {'NoneType' object is not iterable}	timeout {10}	exception {do not support unrolling more than 2 loops in the schedule hint}	exception {'NoneType' object is not iterable}	exception {'NoneType' object is not subscriptable}	exception {do not support unrolling more than 2 loops in the schedule hint}	exception {'NoneType' object is not subscriptable}	exception {do not support unrolling more than 2 loops in the schedule hint}	exception {'NoneType' object is not subscriptable}	exception {do not support unrolling more than 2 loops in the schedule hint}	exception {'NoneType' object is not subscriptable}	exception {'NoneType' object is not iterable}	exception {'NoneType' object is not subscriptable}	exception {'NoneType' object is not iterable}	exception {'NoneType' object is not iterable}	ok {10}	timeout {10}	exception {'NoneType' object is not subscriptable}	exception {No valid mapping point found}	exception {No valid mapping point found}	exception {No valid mapping point found}	exception {'NoneType' object is not subscriptable}	timeout {10}	timeout {10}	exception {No valid mapping point found}	exception {No valid mapping point found}	exception {No valid mapping point found}	exception {No valid mapping point found}	exception {No valid mapping point found}	exception {No valid mapping point found}	exception {No valid mapping point found}	exception {No valid mapping point found}	exception {No valid mapping point found}	exception {No valid mapping point found}	
3_level_mem_baseline_utilization	ok {10}	timeout {10}	timeout {10}	ok {10}	exception {'NoneType' object is not iterable}	exception {'NoneType' object is not subscriptable}	timeout {10}	exception {'NoneType' object is not subscriptable}	timeout {10}	exception {'NoneType' object is not subscriptable}	timeout {10}	exception {'NoneType' object is not subscriptable}	timeout {10}	exception {'NoneType' object is not subscriptable}	timeout {10}	exception {list index out of range}	exception {total parallelism in schedule hint exceeds the maximum parallelism}	timeout {10}	exception {'NoneType' object is not subscriptable}	exception {No valid mapping point found}	ok {10}	exception {No valid mapping point found}	exception {'NoneType' object is not subscriptable}	timeout {10}	timeout {10}	exception {No valid mapping point found}	exception {No valid mapping point found}	exception {No valid mapping point found}	exception {No valid mapping point found}	exception {No valid mapping point found}	exception {No valid mapping point found}	exception {No valid mapping point found}	exception {No valid mapping point found}	ok {10}	exception {No valid mapping point found}	
3_level_mem_basic_example	ok {10}	timeout {10}	timeout {10}	ok {10}	exception {'NoneType' object is not iterable}	exception {'NoneType' object is not subscriptable}	timeout {10}	exception {'NoneType' object is not subscriptable}	timeout {10}	exception {'NoneType' object is not subscriptable}	timeout {10}	exception {'NoneType' object is not subscriptable}	timeout {10}	exception {'NoneType' object is not subscriptable}	timeout {10}	exception {list index out of range}	exception {total parallelism in schedule hint exceeds the maximum parallelism}	timeout {10}	exception {'NoneType' object is not subscriptable}	exception {No valid mapping point found}	ok {10}	exception {No valid mapping point found}	exception {'NoneType' object is not subscriptable}	timeout {10}	timeout {10}	exception {No valid mapping point found}	exception {No valid mapping point found}	exception {No valid mapping point found}	exception {No valid mapping point found}	exception {No valid mapping point found}	exception {No valid mapping point found}	exception {No valid mapping point found}	exception {No valid mapping point found}	ok {10}	exception {No valid mapping point found}	
3_level_mem_compare	ok {10}	timeout {10}	timeout {10}	ok {10}	exception {'NoneType' object is not iterable}	exception {'NoneType' object is not subscriptable}	timeout {10}	exception {'NoneType' object is not subscriptable}	timeout {10}	exception {'NoneType' object is not subscriptable}	timeout {10}	exception {'NoneType' object is not subscriptable}	timeout {10}	exception {'NoneType' object is not subscriptable}	timeout {10}	exception {list index out of range}	exception {total parallelism in schedule hint exceeds the maximum parallelism}	timeout {10}	exception {'NoneType' object is not subscriptable}	exception {No valid mapping point found}	ok {10}	exception {No valid mapping point found}	exception {'NoneType' object is not subscriptable}	timeout {10}	timeout {10}	exception {No valid mapping point found}	exception {No valid mapping point found}	exception {No valid mapping point found}	exception {No valid mapping point found}	exception {No valid mapping point found}	exception {No valid mapping point found}	exception {No valid mapping point found}	exception {No valid mapping point found}	ok {10}	exception {No valid mapping point found}	
3_level_mem_explore	ok {10}	timeout {10}	timeout {10}	ok {10}	exception {'NoneType' object is not iterable}	exception {'NoneType' object is not subscriptable}	timeout {10}	exception {'NoneType' object is not subscriptable}	timeout {10}	exception {'NoneType' object is not subscriptable}	timeout {10}	exception {'NoneType' object is not subscriptable}	timeout {10}	exception {'NoneType' object is not subscriptable}	timeout {10}	exception {list index out of range}	exception {total parallelism in schedule hint exceeds the maximum parallelism}	exception {No valid mapping point found}	exception {'NoneType' object is not subscriptable}	exception {No valid mapping point found}	ok {10}	exception {No valid mapping point found}	exception {'NoneType' object is not subscriptable}	timeout {10}	timeout {10}	exception {No valid mapping point found}	exception {No valid mapping point found}	exception {No valid mapping point found}	exception {No valid mapping point found}	exception {No valid mapping point found}	exception {No valid mapping point found}	exception {No valid mapping point found}	exception {No valid mapping point found}	ok {10}	exception {No valid mapping point found}	
3_level_mem_explore_asic	ok {10}	timeout {10}	timeout {10}	ok {10}	exception {'NoneType' object is not iterable}	exception {'NoneType' object is not subscriptable}	timeout {10}	exception {'NoneType' object is not subscriptable}	timeout {10}	exception {'NoneType' object is not subscriptable}	timeout {10}	exception {'NoneType' object is not subscriptable}	timeout {10}	exception {'NoneType' object is not subscriptable}	timeout {10}	exception {list index out of range}	exception {total parallelism in schedule hint exceeds the maximum parallelism}	timeout {10}	exception {'NoneType' object is not subscriptable}	exception {No valid mapping point found}	ok {10}	exception {No valid mapping point found}	exception {'NoneType' object is not subscriptable}	timeout {10}	timeout {10}	exception {No valid mapping point found}	exception {No valid mapping point found}	exception {No valid mapping point found}	exception {No valid mapping point found}	exception {No valid mapping point found}	exception {No valid mapping point found}	exception {No valid mapping point found}	exception {No valid mapping point found}	ok {10}	exception {No valid mapping point found}	
3_level_mem_explore_asic_128_128	exception {'NoneType' object is not iterable}	exception {'NoneType' object is not iterable}	timeout {10}	exception {do not support unrolling more than 2 loops in the schedule hint}	exception {'NoneType' object is not iterable}	exception {'NoneType' object is not subscriptable}	exception {do not support unrolling more than 2 loops in the schedule hint}	exception {'NoneType' object is not subscriptable}	exception {do not support unrolling more than 2 loops in the schedule hint}	exception {'NoneType' object is not subscriptable}	exception {do not support unrolling more than 2 loops in the schedule hint}	exception {'NoneType' object is not subscriptable}	exception {'NoneType' object is not iterable}	exception {'NoneType' object is not subscriptable}	exception {'NoneType' object is not iterable}	exception {'NoneType' object is not iterable}	exception {'NoneType' object is not iterable}	timeout {10}	exception {'NoneType' object is not subscriptable}	exception {No valid mapping point found}	timeout {10}	exception {No valid mapping point found}	exception {'NoneType' object is not subscriptable}	timeout {10}	timeout {10}	exception {No valid mapping point found}	exception {No valid mapping point found}	exception {No valid mapping point found}	exception {No valid mapping point found}	exception {No valid mapping point found}	exception {No valid mapping point found}	exception {No valid mapping point found}	exception {No valid mapping point found}	timeout {10}	exception {No valid mapping point found}	
3_level_mem_explore_asic_256_256	ok {10}	timeout {10}	timeout {10}	ok {10}	exception {'NoneType' object is not iterable}	exception {'NoneType' object is not subscriptable}	timeout {10}	exception {'NoneType' object is not subscriptable}	timeout {10}	exception {'NoneType' object is not subscriptable}	timeout {10}	exception {'NoneType' object is not subscriptable}	timeout {10}	exception {'NoneType' object is not subscriptable}	timeout {10}	exception {list index out of range}	exception {total parallelism in schedule hint exceeds the maximum parallelism}	timeout {10}	exception {'NoneType' object is not subscriptable}	exception {No valid mapping point found}	ok {10}	exception {No valid mapping point found}	exception {'NoneType' object is not subscriptable}	timeout {10}	timeout {10}	exception {No valid mapping point found}	exception {No valid mapping point found}	exception {No valid mapping point found}	exception {No valid mapping point found}	exception {No valid mapping point found}	exception {No valid mapping point found}	exception {No valid mapping point found}	exception {No valid mapping point found}	timeout {10}	exception {No valid mapping point found}	
3_level_mem_explore_asic_32_32	exception {'NoneType' object is not iterable}	exception {'NoneType' object is not iterable}	timeout {10}	exception {do not support unrolling more than 2 loops in the schedule hint}	exception {'NoneType' object is not iterable}	exception {'NoneType' object is not subscriptable}	exception {do not support unrolling more than 2 loops in the schedule hint}	exception {'NoneType' object is not subscriptable}	exception {do not support unrolling more than 2 loops in the schedule hint}	exception {'NoneType' object is not subscriptable}	exception {do not support unrolling more than 2 loops in the schedule hint}	exception {'NoneType' object is not subscriptable}	exception {'NoneType' object is not iterable}	exception {'NoneType' object is not subscriptable}	exception {'NoneType' object is not iterable}	exception {'NoneType' object is not iterable}	ok {10}	timeout {10}	exception {'NoneType' object is not subscriptable}	exception {No valid mapping point found}	exception {No valid mapping point found}	exception {No valid mapping point found}	exception {'NoneType' object is not subscriptable}	timeout {10}	timeout {10}	exception {No valid mapping point found}	exception {No valid mapping point found}	exception {No valid mapping point found}	exception {No valid mapping point found}	exception {No valid mapping point found}	exception {No valid mapping point found}	exception {No valid mapping point found}	exception {No valid mapping point found}	exception {No valid mapping point found}	exception {No valid mapping point found}	
3_level_mem_explore_asic_64_64	exception {'NoneType' object is not iterable}	exception {'NoneType' object is not iterable}	timeout {10}	exception {do not support unrolling more than 2 loops in the schedule hint}	exception {'NoneType' object is not iterable}	exception {'NoneType' object is not subscriptable}	exception {do not support unrolling more than 2 loops in the schedule hint}	exception {'NoneType' object is not subscriptable}	exception {do not support unrolling more than 2 loops in the schedule hint}	exception {'NoneType' object is not subscriptable}	exception {do not support unrolling more than 2 loops in the schedule hint}	exception {'NoneType' object is not subscriptable}	exception {'NoneType' object is not iterable}	exception {'NoneType' object is not subscriptable}	exception {'NoneType' object is not iterable}	exception {'NoneType' object is not iterable}	exception {'NoneType' object is not iterable}	timeout {10}	exception {'NoneType' object is not subscriptable}	exception {No valid mapping point found}	exception {No valid mapping point found}	exception {No valid mapping point found}	exception {'NoneType' object is not subscriptable}	timeout {10}	timeout {10}	exception {No valid mapping point found}	exception {No valid mapping point found}	exception {No valid mapping point found}	exception {No valid mapping point found}	exception {No valid mapping point found}	exception {No valid mapping point found}	exception {No valid mapping point found}	exception {No valid mapping point found}	exception {No valid mapping point found}	exception {No valid mapping point found}	
3_level_mem_explore_asic_8Reg	ok {10}	ok {10}	timeout {10}	exception {No valid mapping point found}	exception {'NoneType' object is not iterable}	exception {'NoneType' object is not subscriptable}	exception {No valid mapping point found}	exception {'NoneType' object is not subscriptable}	exception {No valid mapping point found}	exception {'NoneType' object is not subscriptable}	exception {No valid mapping point found}	exception {'NoneType' object is not subscriptable}	ok {10}	exception {'NoneType' object is not subscriptable}	ok {10}	exception {list index out of range}	exception {No valid mapping point found}	exception {No valid mapping point found}	exception {'NoneType' object is not subscriptable}	exception {No valid mapping point found}	exception {No valid mapping point found}	exception {No valid mapping point found}	exception {'NoneType' object is not subscriptable}	ok {10}	timeout {10}	exception {No valid mapping point found}	exception {No valid mapping point found}	exception {No valid mapping point found}	exception {No valid mapping point found}	exception {No valid mapping point found}	exception {No valid mapping point found}	exception {No valid mapping point found}	exception {No valid mapping point found}	exception {No valid mapping point found}	exception {No valid mapping point found}	
3_level_mem_explore_asic_v1	ok {10}	timeout {10}	timeout {10}	ok {10}	exception {'NoneType' object is not iterable}	exception {'NoneType' object is not subscriptable}	timeout {10}	exception {'NoneType' object is not subscriptable}	timeout {10}	exception {'NoneType' object is not subscriptable}	timeout {10}	exception {'NoneType' object is not subscriptable}	timeout {10}	exception {'NoneType' object is not subscriptable}	timeout {10}	exception {list index out of range}	exception {total parallelism in schedule hint exceeds the maximum parallelism}	timeout {10}	exception {'NoneType' object is not subscriptable}	exception {No valid mapping point found}	timeout {10}	exception {No valid mapping point found}	exception {'NoneType' object is not subscriptable}	timeout {10}	timeout {10}	exception {No valid mapping point found}	exception {No valid mapping point found}	exception {No valid mapping point found}	exception {No valid mapping point found}	exception {No valid mapping point found}	exception {No valid mapping point found}	exception {No valid mapping point found}	exception {No valid mapping point found}	ok {10}	exception {No valid mapping point found}	
3_level_mem_explore_example	ok {10}	timeout {10}	timeout {10}	ok {10}	exception {'NoneType' object is not iterable}	exception {'NoneType' object is not subscriptable}	timeout {10}	exception {'NoneType' object is not subscriptable}	timeout {10}	exception {'NoneType' object is not subscriptable}	timeout {10}	exception {'NoneType' object is not subscriptable}	timeout {10}	exception {'NoneType' object is not subscriptable}	timeout {10}	exception {list index out of range}	exception {total parallelism in schedule hint exceeds the maximum parallelism}	timeout {10}	exception {'NoneType' object is not subscriptable}	exception {No valid mapping point found}	ok {10}	exception {No valid mapping point found}	exception {'NoneType' object is not subscriptable}	timeout {10}	timeout {10}	exception {No valid mapping point found}	exception {No valid mapping point found}	exception {No valid mapping point found}	exception {No valid mapping point found}	exception {No valid mapping point found}	exception {No valid mapping point found}	exception {No valid mapping point found}	exception {No valid mapping point found}	ok {10}	exception {No valid mapping point found}	
3_level_mem_explore_large_gb	timeout {10}	timeout {10}	timeout {10}	ok {10}	exception {'NoneType' object is not iterable}	exception {'NoneType' object is not subscriptable}	timeout {10}	exception {'NoneType' object is not subscriptable}	timeout {10}	exception {'NoneType' object is not subscriptable}	timeout {10}	exception {'NoneType' object is not subscriptable}	timeout {10}	exception {'NoneType' object is not subscriptable}	timeout {10}	exception {list index out of range}	exception {total parallelism in schedule hint exceeds the maximum parallelism}	timeout {10}	exception {'NoneType' object is not subscriptable}	exception {No valid mapping point found}	ok {10}	exception {No valid mapping point found}	exception {'NoneType' object is not subscriptable}	timeout {10}	timeout {10}	exception {No valid mapping point found}	exception {No valid mapping point found}	exception {No valid mapping point found}	exception {No valid mapping point found}	exception {No valid mapping point found}	exception {No valid mapping point found}	exception {No valid mapping point found}	exception {No valid mapping point found}	timeout {10}	exception {No valid mapping point found}	
3_level_mem_explore_partial	ok {10}	timeout {10}	timeout {10}	ok {10}	exception {'NoneType' object is not iterable}	exception {'NoneType' object is not subscriptable}	timeout {10}	exception {'NoneType' object is not subscriptable}	timeout {10}	exception {'NoneType' object is not subscriptable}	timeout {10}	exception {'NoneType' object is not subscriptable}	timeout {10}	exception {'NoneType' object is not subscriptable}	timeout {10}	exception {list index out of range}	exception {total parallelism in schedule hint exceeds the maximum parallelism}	timeout {10}	exception {'NoneType' object is not subscriptable}	exception {No valid mapping point found}	timeout {10}	exception {No valid mapping point found}	exception {'NoneType' object is not subscriptable}	timeout {10}	timeout {10}	exception {No valid mapping point found}	exception {No valid mapping point found}	exception {No valid mapping point found}	exception {No valid mapping point found}	exception {No valid mapping point found}	exception {No valid mapping point found}	exception {No valid mapping point found}	exception {No valid mapping point found}	timeout {10}	exception {No valid mapping point found}	
3_level_mem_global	ok {10}	timeout {10}	timeout {10}	ok {10}	exception {'NoneType' object is not iterable}	exception {'NoneType' object is not subscriptable}	timeout {10}	exception {'NoneType' object is not subscriptable}	timeout {10}	exception {'NoneType' object is not subscriptable}	timeout {10}	exception {'NoneType' object is not subscriptable}	timeout {10}	exception {'NoneType' object is not subscriptable}	timeout {10}	exception {list index out of range}	exception {total parallelism in schedule hint exceeds the maximum parallelism}	timeout {10}	exception {'NoneType' object is not subscriptable}	exception {No valid mapping point found}	timeout {10}	exception {No valid mapping point found}	exception {'NoneType' object is not subscriptable}	timeout {10}	timeout {10}	exception {No valid mapping point found}	exception {No valid mapping point found}	exception {No valid mapping point found}	exception {No valid mapping point found}	exception {No valid mapping point found}	exception {No valid mapping point found}	exception {No valid mapping point found}	exception {No valid mapping point found}	ok {10}	exception {No valid mapping point found}	
3_level_mem_large_array	exception {'NoneType' object is not iterable}	exception {'NoneType' object is not iterable}	timeout {10}	exception {do not support unrolling more than 2 loops in the schedule hint}	exception {'NoneType' object is not iterable}	exception {'NoneType' object is not subscriptable}	exception {do not support unrolling more than 2 loops in the schedule hint}	exception {'NoneType' object is not subscriptable}	exception {do not support unrolling more than 2 loops in the schedule hint}	exception {'NoneType' object is not subscriptable}	exception {do not support unrolling more than 2 loops in the schedule hint}	exception {'NoneType' object is not subscriptable}	exception {'NoneType' object is not iterable}	exception {'NoneType' object is not subscriptable}	exception {'NoneType' object is not iterable}	exception {'NoneType' object is not iterable}	ok {10}	timeout {10}	exception {'NoneType' object is not subscriptable}	exception {No valid mapping point found}	exception {No valid mapping point found}	exception {No valid mapping point found}	exception {'NoneType' object is not subscriptable}	timeout {10}	timeout {10}	exception {No valid mapping point found}	exception {No valid mapping point found}	exception {No valid mapping point found}	exception {No valid mapping point found}	exception {No valid mapping point found}	exception {No valid mapping point found}	exception {No valid mapping point found}	exception {No valid mapping point found}	exception {No valid mapping point found}	exception {No valid mapping point found}	
4_level_mem_explore	timeout {10}	timeout {10}	timeout {10}	timeout {10}	timeout {10}	timeout {10}	timeout {10}	timeout {10}	timeout {10}	timeout {10}	timeout {10}	timeout {10}	timeout {10}	timeout {10}	timeout {10}	timeout {10}	exception {No valid mapping point found}	timeout {10}	timeout {10}	exception {No valid mapping point found}	timeout {10}	exception {No valid mapping point found}	timeout {10}	timeout {10}	timeout {10}	exception {No valid mapping point found}	exception {No valid mapping point found}	exception {No valid mapping point found}	exception {No valid mapping point found}	exception {No valid mapping point found}	exception {No valid mapping point found}	exception {No valid mapping point found}	exception {No valid mapping point found}	timeout {10}	exception {No valid mapping point found}	
4_level_mem_explore_asic	timeout {10}	timeout {10}	timeout {10}	timeout {10}	timeout {10}	timeout {10}	timeout {10}	timeout {10}	timeout {10}	timeout {10}	timeout {10}	timeout {10}	timeout {10}	timeout {10}	timeout {10}	timeout {10}	exception {No valid mapping point found}	timeout {10}	timeout {10}	exception {No valid mapping point found}	exception {No valid mapping point found}	exception {No valid mapping point found}	timeout {10}	timeout {10}	timeout {10}	exception {No valid mapping point found}	exception {No valid mapping point found}	exception {No valid mapping point found}	exception {No valid mapping point found}	exception {No valid mapping point found}	exception {No valid mapping point found}	exception {No valid mapping point found}	exception {No valid mapping point found}	timeout {10}	exception {No valid mapping point found}	
4_level_mem_explore_asic_v1	timeout {10}	timeout {10}	timeout {10}	timeout {10}	timeout {10}	timeout {10}	timeout {10}	timeout {10}	timeout {10}	timeout {10}	timeout {10}	timeout {10}	timeout {10}	timeout {10}	timeout {10}	timeout {10}	exception {No valid mapping point found}	timeout {10}	timeout {10}	exception {No valid mapping point found}	timeout {10}	exception {No valid mapping point found}	timeout {10}	timeout {10}	timeout {10}	timeout {10}	exception {No valid mapping point found}	exception {No valid mapping point found}	exception {No valid mapping point found}	timeout {10}	exception {No valid mapping point found}	timeout {10}	exception {No valid mapping point found}	timeout {10}	exception {No valid mapping point found}	
4_level_mem_explore_asic_v2	exception {No valid mapping point found}	timeout {10}	timeout {10}	timeout {10}	timeout {10}	timeout {10}	timeout {10}	timeout {10}	timeout {10}	timeout {10}	timeout {10}	timeout {10}	timeout {10}	timeout {10}	timeout {10}	timeout {10}	exception {No valid mapping point found}	timeout {10}	timeout {10}	exception {No valid mapping point found}	exception {No valid mapping point found}	exception {No valid mapping point found}	timeout {10}	timeout {10}	timeout {10}	exception {No valid mapping point found}	exception {No valid mapping point found}	exception {No valid mapping point found}	exception {No valid mapping point found}	exception {No valid mapping point found}	exception {No valid mapping point found}	exception {No valid mapping point found}	exception {No valid mapping point found}	timeout {10}	exception {No valid mapping point found}	
4_level_mem_opt	exception {No valid mapping point found}	timeout {10}	timeout {10}	exception {No valid mapping point found}	timeout {10}	timeout {10}	timeout {10}	timeout {10}	timeout {10}	timeout {10}	timeout {10}	timeout {10}	timeout {10}	timeout {10}	timeout {10}	timeout {10}	exception {No valid mapping point found}	timeout {10}	timeout {10}	exception {No valid mapping point found}	timeout {10}	exception {No valid mapping point found}	timeout {10}	timeout {10}	timeout {10}	exception {No valid mapping point found}	exception {No valid mapping point found}	exception {No valid mapping point found}	exception {No valid mapping point found}	exception {No valid mapping point found}	exception {No valid mapping point found}	exception {No valid mapping point found}	exception {No valid mapping point found}	timeout {10}	exception {No valid mapping point found}	
tpu_asic	exception {'NoneType' object is not iterable}	exception {'NoneType' object is not iterable}	timeout {10}	exception {do not support unrolling more than 2 loops in the schedule hint}	exception {'NoneType' object is not iterable}	exception {'NoneType' object is not subscriptable}	exception {do not support unrolling more than 2 loops in the schedule hint}	exception {'NoneType' object is not subscriptable}	exception {do not support unrolling more than 2 loops in the schedule hint}	exception {'NoneType' object is not subscriptable}	exception {do not support unrolling more than 2 loops in the schedule hint}	exception {'NoneType' object is not subscriptable}	exception {'NoneType' object is not iterable}	exception {'NoneType' object is not subscriptable}	exception {'NoneType' object is not iterable}	exception {'NoneType' object is not iterable}	exception {'NoneType' object is not iterable}	timeout {10}	exception {'NoneType' object is not subscriptable}	exception {No valid mapping point found}	timeout {10}	exception {No valid mapping point found}	exception {'NoneType' object is not subscriptable}	timeout {10}	timeout {10}	exception {No valid mapping point found}	exception {No valid mapping point found}	exception {No valid mapping point found}	exception {No valid mapping point found}	exception {No valid mapping point found}	exception {No valid mapping point found}	exception {No valid mapping point found}	exception {No valid mapping point found}	timeout {10}	exception {No valid mapping point found}	
